<?xml version="1.0" encoding="UTF-8" standalone="no"?>
<project>
	<configuration id="cdt.managedbuild.config.gnu.exe.debug.268176245" name="Debug">
		<extension point="org.eclipse.cdt.core.LanguageSettingsProvider">
			<provider copy-of="extension" id="org.eclipse.cdt.ui.UserLanguageSettingsProvider"/>
			<provider-reference id="org.eclipse.cdt.core.ReferencedProjectsLanguageSettingsProvider" ref="shared-provider"/>
			<provider-reference id="org.eclipse.cdt.managedbuilder.core.MBSLanguageSettingsProvider" ref="shared-provider"/>
			<provider class="org.eclipse.cdt.managedbuilder.language.settings.providers.GCCBuiltinSpecsDetector" console="false" env-hash="-181277419208814656" id="org.eclipse.cdt.managedbuilder.core.GCCBuiltinSpecsDetector" keep-relative-paths="false" name="CDT GCC Built-in Compiler Settings" parameter="${COMMAND} -std=c++11 ${FLAGS} -E -P -v -dD -std=c++11 &quot;${INPUTS}&quot;">
				<language-scope id="org.eclipse.cdt.core.gcc"/>
				<language-scope id="org.eclipse.cdt.core.g++"/>
			</provider>
		</extension>
	</configuration>
	<configuration id="cdt.managedbuild.config.gnu.exe.release.1474870311" name="Release">
		<extension point="org.eclipse.cdt.core.LanguageSettingsProvider">
			<provider copy-of="extension" id="org.eclipse.cdt.ui.UserLanguageSettingsProvider"/>
			<provider-reference id="org.eclipse.cdt.core.ReferencedProjectsLanguageSettingsProvider" ref="shared-provider"/>
			<provider-reference id="org.eclipse.cdt.managedbuilder.core.MBSLanguageSettingsProvider" ref="shared-provider"/>
			<provider-reference id="org.eclipse.cdt.managedbuilder.core.GCCBuiltinSpecsDetector" ref="shared-provider"/>
		</extension>
	</configuration>
</project>
